request_id,amount_safe_to_pay,affordability_status,recommended_payment_method,payment_plan,earliest_date_for_full_payment,spending_changes_needed,decision_explanation
request_01,25256.0,affordable_now,full_payment,2024-03-03:25256,2024-03-03,none,"Pay ZAR 25,256 today. This leaves at least ZAR 18,000 available over the next 90 days."
request_02,17229139.2,affordable_with_plan,installments,2025-08-08:15952906.67|2025-09-07:15952906.67|2025-10-07:15952906.67,2025-09-15,none,"Use 3 installments of IDR 15,952,906.67, starting 8 August 2025. This leaves at least IDR 29,158,400 available."
request_03,1157048.76,affordable_later,wait,2019-11-15:5491000,2019-11-15,none,"You currently have IDR 5,810,300.00, but your committed expenses between now and your next income leave insufficient buffer (IDR 1,157,048.76 available vs IDR 5,491,000.00 needed). After your upcoming income is received, you will be able to make the full payment on 2019-11-15. We recommend waiting until then."
request_04,8401800.0,affordable_later,wait,2024-06-15:12693000,2024-06-15,none,"Wait until 15 June 2024, then pay IDR 12,693,000 in full. Paying sooner would put the IDR 30,686,600 minimum at risk."
request_05,737.0,not_affordable,not_recommended,none,,none,"Do not make this payment by 12 January 2026. None of the available options keeps the ZAR 13,100 minimum protected."
request_06,603.3,affordable_with_plan,full_payment,2026-01-03:620.40,2026-01-15,stop:event_476,"Stop the family streaming plan, then pay EUR 620.40 today. This leaves at least EUR 800 available."
request_07,87170.56,affordable_with_plan,installments,2024-09-12:68432|2024-10-10:68432|2024-11-07:68432,2024-10-23,none,"Use 3 installments of INR 68,432, starting 12 September 2024. This leaves at least INR 93,000 available."
request_08,284.57,affordable_later,wait,2025-04-15:996.60,2025-04-15,none,Pay EUR 996.60 in full on 15 April 2025. Paying earlier would take the balance below the EUR 800 minimum.
request_09,166.61,affordable_now,full_payment,2026-07-04:166.61,2026-07-04,none,Pay EUR 166.61 today. This keeps the EUR 600 minimum available over the next 90 days.
request_10,12700.0,not_affordable,not_recommended,none,,none,"Do not make this payment by 10 February 2025. None of the available options keeps the INR 225,400 minimum protected."
request_11,0.0,not_affordable,not_recommended,none,,none,"Your current balance of IDR 63,531,795.00 is insufficient to safely cover IDR 13,110,000.00 while maintaining your IDR 34,140,600.00 minimum reserve and covering committed expenses. Even with adjusted spending, no safe payment path exists within the required timeframe. We recommend deferring this expense or revisiting it when your financial situation improves."
request_12,65164.0,affordable_with_plan,installments,2026-04-19:22590.19|2026-05-20:22590.19|2026-06-20:22590.19,2026-04-05,none,"Use 3 installments of ZAR 22,590.19, starting 19 April 2026. This leaves at least ZAR 43,200 available."
request_13,433.4,affordable_later,wait,2024-05-15:941.60,2024-05-15,none,"Pay EUR 941.60 in full on 15 May 2024. Paying earlier would take the balance below the EUR 1,300 minimum."
request_14,597.74,not_affordable,not_recommended,none,,none,"Do not proceed with the EUR 5,414.20 request. Although EUR 597.74 is available today, the full amount cannot be completed safely within 90 days."
request_15,83.05,not_affordable,not_recommended,none,,none,"Do not make this payment by 1 February 2026. None of the available options keeps the EUR 1,200 minimum protected."
request_16,122500.0,affordable_now,full_payment,2023-08-12:122500,2023-08-12,none,"Pay INR 122,500 today. This leaves at least INR 122,400 available over the next 90 days."
request_17,243849.58,affordable_with_plan,installments,2026-03-01:95194.67|2026-03-31:95194.67|2026-04-30:95194.67,2026-03-15,none,"Use 3 installments of INR 95,194.67, starting 1 March 2026. This leaves at least INR 166,100 available."
request_18,462.0,affordable_later,wait,2026-09-15:3246.10,2026-09-15,none,"Pay EUR 3,246.10 in full on 15 September 2026. Paying earlier would take the balance below the EUR 1,400 minimum."
request_19,28820.0,affordable_with_plan,partial_payment,2024-09-04:28820|2024-09-15:10840,2024-09-15,none,"Pay INR 28,820 today and the remaining INR 10,840 on 15 September 2024. This completes the full request and keeps the INR 92,800 minimum protected."
request_20,5400.0,not_affordable,not_recommended,none,,none,"Do not make this payment by 22 February 2026. None of the available options keeps the INR 64,500 minimum protected."
request_21,1543.35,affordable_with_plan,full_payment,2026-04-03:1574.40,2026-04-15,stop:event_1815|reduce_to:event_1816:23.50,"Stop the online backup subscription and reduce the streaming subscription to USD 23.50, then pay USD 1,574.40 today. This leaves at least USD 1,800 available."
request_22,475.46,affordable_with_plan,installments,2024-12-08:253.59|2025-01-05:253.59|2025-02-02:253.59,2025-01-15,none,"Use 3 installments of EUR 253.59, starting 8 December 2024. This leaves at least EUR 500 available."
request_23,9152.0,affordable_later,wait,2025-07-15:38016,2025-07-15,none,"Pay ZAR 38,016 in full on 15 July 2025. Paying earlier would take the balance below the ZAR 27,000 minimum."
request_24,13420.0,not_affordable,not_recommended,none,,none,"Do not proceed with the INR 109,600 request. Although INR 13,420 is available today, the full amount cannot be completed safely within 90 days."
request_25,1425000.0,not_affordable,not_recommended,none,,none,"Do not make this payment by 17 April 2024. None of the available options keeps the IDR 23,379,100 minimum protected."
request_26,15656000.0,affordable_now,full_payment,2025-08-03:15656000,2025-08-03,none,"Your current balance of IDR 100,845,250.00 comfortably covers the IDR 15,656,000.00 request after accounting for your IDR 24,768,300.00 minimum reserve and all upcoming committed expenses. You can proceed with a full payment today, leaving a safety buffer of IDR 33,499,238.39."
request_27,6670.0,affordable_now,full_payment,2026-07-05:6670,2026-07-05,none,"Your current balance of ZAR 93,141.80 comfortably covers the ZAR 6,670.00 request after accounting for your ZAR 20,500.00 minimum reserve and all upcoming committed expenses. You can proceed with a full payment today, leaving a safety buffer of ZAR 17,038.28."
request_28,427.92,affordable_later,wait,2024-08-15:1302.4,2024-08-15,none,"You currently have EUR 1,789.40, but your committed expenses between now and your next income leave insufficient buffer (EUR 427.92 available vs EUR 1,302.40 needed). After your upcoming income is received, you will be able to make the full payment on 2024-08-15. We recommend waiting until then."
request_29,51524.0,affordable_now,full_payment,2025-11-04:51524,2025-11-04,none,"Your current balance of ZAR 113,540.10 comfortably covers the ZAR 51,524.00 request after accounting for your ZAR 28,300.00 minimum reserve and all upcoming committed expenses. You can proceed with a full payment today, leaving a safety buffer of ZAR 18,924.06."
request_30,775.2,affordable_with_plan,installments,2026-04-06:268.74|2026-05-06:268.74|2026-06-05:268.74,2026-06-05,none,"A full upfront payment of USD 775.20 would exceed your safe spending limit of USD 1,621.44. However, a structured installment plan with 3 payments starting 2026-04-06 keeps your balance above your USD 900.00 minimum at all times (total payable: USD 806.22)."
request_31,6009674.48,affordable_later,wait,2024-11-15:18164000,2024-11-15,none,"You currently have IDR 30,429,260.00, but your committed expenses between now and your next income leave insufficient buffer (IDR 6,009,674.48 available vs IDR 18,164,000.00 needed). After your upcoming income is received, you will be able to make the full payment on 2024-11-15. We recommend waiting until then."
request_32,23199.0,not_affordable,not_recommended,none,,none,"Your current balance of ZAR 69,005.80 is insufficient to safely cover ZAR 40,018.00 while maintaining your ZAR 35,700.00 minimum reserve and covering committed expenses. Even with adjusted spending, no safe payment path exists within the required timeframe. We recommend deferring this expense or revisiting it when your financial situation improves."
request_33,32030.09,not_affordable,not_recommended,none,,none,"Your current balance of INR 167,280.00 is insufficient to safely cover INR 118,000.00 while maintaining your INR 102,100.00 minimum reserve and covering committed expenses. Even with adjusted spending, no safe payment path exists within the required timeframe. We recommend deferring this expense or revisiting it when your financial situation improves."
request_34,129400.0,affordable_now,full_payment,2024-12-04:129400,2024-12-04,none,"Your current balance of INR 559,752.50 comfortably covers the INR 129,400.00 request after accounting for your INR 138,500.00 minimum reserve and all upcoming committed expenses. You can proceed with a full payment today, leaving a safety buffer of INR 182,504.49."
request_35,69668.16,not_affordable,not_recommended,none,,none,"Your current balance of INR 231,530.00 is insufficient to safely cover INR 212,000.00 while maintaining your INR 106,400.00 minimum reserve and covering committed expenses. Even with adjusted spending, no safe payment path exists within the required timeframe. We recommend deferring this expense or revisiting it when your financial situation improves."
request_36,926.9,not_affordable,not_recommended,none,,none,"Your current balance of USD 3,846.60 is insufficient to safely cover USD 3,954.00 while maintaining your USD 2,400.00 minimum reserve and covering committed expenses. Even with adjusted spending, no safe payment path exists within the required timeframe. We recommend deferring this expense or revisiting it when your financial situation improves."
request_37,6813645.37,not_affordable,not_recommended,none,,none,"Your current balance of IDR 29,125,000.00 is insufficient to safely cover IDR 14,649,000.00 while maintaining your IDR 17,056,200.00 minimum reserve and covering committed expenses. Even with adjusted spending, no safe payment path exists within the required timeframe. We recommend deferring this expense or revisiting it when your financial situation improves."
request_38,160.23,affordable_later,wait,2025-10-15:971.3,2025-10-15,none,"You currently have EUR 779.40, but your committed expenses between now and your next income leave insufficient buffer (EUR 160.23 available vs EUR 971.30 needed). After your upcoming income is received, you will be able to make the full payment on 2025-10-15. We recommend waiting until then."
request_39,162140.95,affordable_later,wait,2026-05-15:208600,2026-05-15,none,"You currently have INR 416,505.00, but your committed expenses between now and your next income leave insufficient buffer (INR 162,140.95 available vs INR 208,600.00 needed). After your upcoming income is received, you will be able to make the full payment on 2026-05-15. We recommend waiting until then."
request_40,540.0,not_affordable,not_recommended,none,,none,"Your current balance of EUR 2,394.00 is insufficient to safely cover EUR 1,290.30 while maintaining your EUR 1,500.00 minimum reserve and covering committed expenses. Even with adjusted spending, no safe payment path exists within the required timeframe. We recommend deferring this expense or revisiting it when your financial situation improves."
request_41,13768111.07,affordable_later,wait,2026-01-15:38760000,2026-01-15,none,"You currently have IDR 50,175,850.00, but your committed expenses between now and your next income leave insufficient buffer (IDR 13,768,111.07 available vs IDR 38,760,000.00 needed). After your upcoming income is received, you will be able to make the full payment on 2026-01-15. We recommend waiting until then."
request_42,0.0,not_affordable,not_recommended,none,,none,"Your current balance of INR 261,765.00 is insufficient to safely cover INR 52,100.00 while maintaining your INR 113,100.00 minimum reserve and covering committed expenses. Even with adjusted spending, no safe payment path exists within the required timeframe. We recommend deferring this expense or revisiting it when your financial situation improves."
request_43,9802940.49,affordable_later,wait,2024-11-15:43339000,2024-11-15,none,"You currently have IDR 36,640,750.00, but your committed expenses between now and your next income leave insufficient buffer (IDR 9,802,940.49 available vs IDR 43,339,000.00 needed). After your upcoming income is received, you will be able to make the full payment on 2024-11-15. We recommend waiting until then."
request_44,42264.08,not_affordable,not_recommended,none,,none,"Your current balance of INR 162,290.00 is insufficient to safely cover INR 95,800.00 while maintaining your INR 82,900.00 minimum reserve and covering committed expenses. Even with adjusted spending, no safe payment path exists within the required timeframe. We recommend deferring this expense or revisiting it when your financial situation improves."
request_45,6381699.01,not_affordable,not_recommended,none,,none,"Your current balance of IDR 19,982,900.00 is insufficient to safely cover IDR 21,983,000.00 while maintaining your IDR 11,149,800.00 minimum reserve and covering committed expenses. Even with adjusted spending, no safe payment path exists within the required timeframe. We recommend deferring this expense or revisiting it when your financial situation improves."
request_46,49450.0,affordable_with_plan,installments,2024-12-03:25714|2024-12-31:25714,2024-12-31,none,"A full upfront payment of INR 49,450.00 would exceed your safe spending limit of INR 85,995.20. However, a structured installment plan with 2 payments starting 2024-12-03 keeps your balance above your INR 84,000.00 minimum at all times (total payable: INR 51,428.00)."
request_47,18001801.43,not_affordable,not_recommended,none,,none,"Your current balance of IDR 112,924,150.00 is insufficient to safely cover IDR 38,114,000.00 while maintaining your IDR 30,049,000.00 minimum reserve and covering committed expenses. Even with adjusted spending, no safe payment path exists within the required timeframe. We recommend deferring this expense or revisiting it when your financial situation improves."
request_48,45700.0,affordable_now,full_payment,2026-07-25:45700,2026-07-25,none,"Your current balance of INR 188,065.00 comfortably covers the INR 45,700.00 request after accounting for your INR 71,300.00 minimum reserve and all upcoming committed expenses. You can proceed with a full payment today, leaving a safety buffer of INR 29,329.12."
request_49,16172335.18,affordable_with_plan,installments,2024-03-18:11902106.67|2024-04-18:11902106.67|2024-05-19:11902106.67,2024-05-19,none,"A full upfront payment of IDR 34,333,000.00 would exceed your safe spending limit of IDR 16,172,335.18. However, a structured installment plan with 3 payments starting 2024-03-18 keeps your balance above your IDR 20,275,700.00 minimum at all times (total payable: IDR 35,706,320.01)."
request_50,43900.0,affordable_with_plan,full_payment,2025-08-06:43900,2025-08-06,stop:event_4679|reduce_to:event_4680:1928,"By making some temporary adjustments to flexible spending (stop event_4679, reduce_to event_4680), you can free up enough cash to safely cover INR 43,900.00 while protecting your INR 99,700.00 minimum reserve."
request_51,2191000.0,affordable_now,full_payment,2026-01-03:2191000,2026-01-03,none,"Your current balance of IDR 35,347,700.00 comfortably covers the IDR 2,191,000.00 request after accounting for your IDR 7,811,000.00 minimum reserve and all upcoming committed expenses. You can proceed with a full payment today, leaving a safety buffer of IDR 4,312,666.00."
request_52,22808.4,affordable_later,wait,2024-06-15:28870,2024-06-15,none,"You currently have INR 75,320.00, but your committed expenses between now and your next income leave insufficient buffer (INR 22,808.40 available vs INR 28,870.00 needed). After your upcoming income is received, you will be able to make the full payment on 2024-06-15. We recommend waiting until then."
request_53,714.42,affordable_with_plan,installments,2025-11-21:589.06|2025-12-19:589.06|2026-01-16:589.06,2026-01-16,none,"A full upfront payment of USD 1,699.20 would exceed your safe spending limit of USD 714.42. However, a structured installment plan with 3 payments starting 2025-11-21 keeps your balance above your USD 2,100.00 minimum at all times (total payable: USD 1,767.18)."
request_54,10237.67,not_affordable,not_recommended,none,,none,"Your current balance of ZAR 53,581.40 is insufficient to safely cover ZAR 121,528.00 while maintaining your ZAR 37,000.00 minimum reserve and covering committed expenses. Even with adjusted spending, no safe payment path exists within the required timeframe. We recommend deferring this expense or revisiting it when your financial situation improves."
request_55,148276.01,affordable_with_plan,installments,2026-06-11:75781.33|2026-07-12:75781.33|2026-08-12:75781.33,2026-08-12,none,"A full upfront payment of INR 218,600.00 would exceed your safe spending limit of INR 148,276.01. However, a structured installment plan with 3 payments starting 2026-06-11 keeps your balance above your INR 124,300.00 minimum at all times (total payable: INR 227,343.99)."
request_56,671.42,affordable_with_plan,installments,2025-02-03:458.42|2025-03-03:458.42,2025-03-03,none,"A full upfront payment of USD 881.56 would exceed your safe spending limit of USD 671.42. However, a structured installment plan with 2 payments starting 2025-02-03 keeps your balance above your USD 2,100.00 minimum at all times (total payable: USD 916.84)."
request_57,12476.27,affordable_later,wait,2026-06-15:61446,2026-06-15,none,"You currently have ZAR 63,914.60, but your committed expenses between now and your next income leave insufficient buffer (ZAR 12,476.27 available vs ZAR 61,446.00 needed). After your upcoming income is received, you will be able to make the full payment on 2026-06-15. We recommend waiting until then."
request_58,16226000.0,affordable_with_plan,full_payment,2024-12-07:16226000,2024-12-07,stop:event_5358,"By making some temporary adjustments to flexible spending (stop event_5358), you can free up enough cash to safely cover IDR 16,226,000.00 while protecting your IDR 14,433,900.00 minimum reserve."
request_59,140600.0,affordable_with_plan,installments,2025-05-07:48741.33|2025-06-04:48741.33|2025-07-02:48741.33,2025-07-02,none,"A full upfront payment of INR 140,600.00 would exceed your safe spending limit of INR 315,674.01. However, a structured installment plan with 3 payments starting 2025-05-07 keeps your balance above your INR 132,600.00 minimum at all times (total payable: INR 146,223.99)."
request_60,0.0,not_affordable,not_recommended,none,,none,"Your current balance of USD 683.69 is insufficient to safely cover USD 199.89 while maintaining your USD 400.00 minimum reserve and covering committed expenses. Even with adjusted spending, no safe payment path exists within the required timeframe. We recommend deferring this expense or revisiting it when your financial situation improves."
request_61,29062.0,affordable_with_plan,installments,2024-03-17:10074.83|2024-04-17:10074.83|2024-05-18:10074.83,2024-05-18,none,"A full upfront payment of ZAR 29,062.00 would exceed your safe spending limit of ZAR 95,452.25. However, a structured installment plan with 3 payments starting 2024-03-17 keeps your balance above your ZAR 36,700.00 minimum at all times (total payable: ZAR 30,224.49)."
request_62,404.23,affordable_now,full_payment,2025-08-05:404.23,2025-08-05,none,"Your current balance of USD 5,151.44 comfortably covers the USD 404.23 request after accounting for your USD 1,300.00 minimum reserve and all upcoming committed expenses. You can proceed with a full payment today, leaving a safety buffer of USD 3,062.27."
request_63,42443.61,not_affordable,not_recommended,none,,none,"Your current balance of INR 251,795.00 is insufficient to safely cover INR 343,900.00 while maintaining your INR 153,500.00 minimum reserve and covering committed expenses. Even with adjusted spending, no safe payment path exists within the required timeframe. We recommend deferring this expense or revisiting it when your financial situation improves."
request_64,48591.56,affordable_with_plan,installments,2024-06-11:22082.67|2024-07-12:22082.67|2024-08-12:22082.67,2024-08-12,none,"A full upfront payment of INR 63,700.00 would exceed your safe spending limit of INR 48,591.56. However, a structured installment plan with 3 payments starting 2024-06-11 keeps your balance above your INR 36,100.00 minimum at all times (total payable: INR 66,248.01)."
request_65,8435.82,not_affordable,not_recommended,none,,none,"Your current balance of ZAR 28,524.00 is insufficient to safely cover ZAR 54,340.00 while maintaining your ZAR 15,500.00 minimum reserve and covering committed expenses. Even with adjusted spending, no safe payment path exists within the required timeframe. We recommend deferring this expense or revisiting it when your financial situation improves."
request_66,22200.0,affordable_now,full_payment,2026-04-03:22200,2026-04-03,none,"Your current balance of INR 302,520.00 comfortably covers the INR 22,200.00 request after accounting for your INR 80,700.00 minimum reserve and all upcoming committed expenses. You can proceed with a full payment today, leaving a safety buffer of INR 179,685.66."
request_67,607.45,affordable_later,wait,2024-11-15:2094,2024-11-15,none,"You currently have USD 1,992.54, but your committed expenses between now and your next income leave insufficient buffer (USD 607.45 available vs USD 2,094.00 needed). After your upcoming income is received, you will be able to make the full payment on 2024-11-15. We recommend waiting until then."
request_68,1629.68,affordable_with_plan,installments,2025-02-14:725.09|2025-03-14:725.09|2025-04-11:725.09,2025-04-11,none,"A full upfront payment of USD 2,091.60 would exceed your safe spending limit of USD 1,629.68. However, a structured installment plan with 3 payments starting 2025-02-14 keeps your balance above your USD 1,500.00 minimum at all times (total payable: USD 2,175.27)."
request_69,529.1,affordable_now,full_payment,2026-01-04:529.1,2026-01-04,none,"Your current balance of EUR 1,639.50 comfortably covers the EUR 529.10 request after accounting for your EUR 700.00 minimum reserve and all upcoming committed expenses. You can proceed with a full payment today, leaving a safety buffer of EUR 134.82."
request_70,61135.81,affordable_later,wait,2025-02-15:243900,2025-02-15,none,"You currently have INR 208,360.00, but your committed expenses between now and your next income leave insufficient buffer (INR 61,135.81 available vs INR 243,900.00 needed). After your upcoming income is received, you will be able to make the full payment on 2025-02-15. We recommend waiting until then."
request_71,2217740.02,not_affordable,not_recommended,none,,none,"Your current balance of IDR 16,369,850.00 is insufficient to safely cover IDR 21,451,000.00 while maintaining your IDR 8,884,800.00 minimum reserve and covering committed expenses. Even with adjusted spending, no safe payment path exists within the required timeframe. We recommend deferring this expense or revisiting it when your financial situation improves."
request_72,11330.0,affordable_now,full_payment,2026-07-05:11330,2026-07-05,none,"Your current balance of ZAR 30,337.13 comfortably covers the ZAR 11,330.00 request after accounting for your ZAR 12,200.00 minimum reserve and all upcoming committed expenses. You can proceed with a full payment today, leaving a safety buffer of ZAR 3,322.33."
request_73,71400.0,affordable_now,full_payment,2023-01-20:71400,2023-01-20,none,"Your current balance of INR 278,542.50 comfortably covers the INR 71,400.00 request after accounting for your INR 103,200.00 minimum reserve and all upcoming committed expenses. You can proceed with a full payment today, leaving a safety buffer of INR 40,783.04."
request_74,5010.0,affordable_now,full_payment,2025-08-04:5010,2025-08-04,none,"Your current balance of ZAR 70,056.90 comfortably covers the ZAR 5,010.00 request after accounting for your ZAR 21,900.00 minimum reserve and all upcoming committed expenses. You can proceed with a full payment today, leaving a safety buffer of ZAR 25,748.88."
request_75,20155.07,not_affordable,not_recommended,none,,none,"Your current balance of ZAR 145,867.87 is insufficient to safely cover ZAR 28,270.00 while maintaining your ZAR 39,000.00 minimum reserve and covering committed expenses. Even with adjusted spending, no safe payment path exists within the required timeframe. We recommend deferring this expense or revisiting it when your financial situation improves."
request_76,0.0,not_affordable,not_recommended,none,,none,"Your current balance of USD 3,338.80 is insufficient to safely cover USD 4,455.60 while maintaining your USD 1,800.00 minimum reserve and covering committed expenses. Even with adjusted spending, no safe payment path exists within the required timeframe. We recommend deferring this expense or revisiting it when your financial situation improves."
request_77,60700.0,affordable_now,full_payment,2025-11-05:60700,2025-11-05,none,"Your current balance of INR 189,860.50 comfortably covers the INR 60,700.00 request after accounting for your INR 82,200.00 minimum reserve and all upcoming committed expenses. You can proceed with a full payment today, leaving a safety buffer of INR 14,573.38."
request_78,50200.0,affordable_now,full_payment,2025-10-02:50200,2025-10-02,none,"Your current balance of INR 156,676.00 comfortably covers the INR 50,200.00 request after accounting for your INR 55,200.00 minimum reserve and all upcoming committed expenses. You can proceed with a full payment today, leaving a safety buffer of INR 9,300.66."
request_79,703.66,not_affordable,not_recommended,none,,none,"Your current balance of EUR 2,104.08 is insufficient to safely cover EUR 2,151.60 while maintaining your EUR 1,000.00 minimum reserve and covering committed expenses. Even with adjusted spending, no safe payment path exists within the required timeframe. We recommend deferring this expense or revisiting it when your financial situation improves."
request_80,0.0,not_affordable,not_recommended,none,,none,"Your current balance of INR 280,125.00 is insufficient to safely cover INR 217,500.00 while maintaining your INR 121,300.00 minimum reserve and covering committed expenses. Even with adjusted spending, no safe payment path exists within the required timeframe. We recommend deferring this expense or revisiting it when your financial situation improves."
request_81,2059.36,not_affordable,not_recommended,none,,none,"Your current balance of USD 5,028.25 is insufficient to safely cover USD 2,076.00 while maintaining your USD 1,600.00 minimum reserve and covering committed expenses. Even with adjusted spending, no safe payment path exists within the required timeframe. We recommend deferring this expense or revisiting it when your financial situation improves."
request_82,541.67,not_affordable,not_recommended,none,,none,"Your current balance of USD 2,202.40 is insufficient to safely cover USD 1,405.20 while maintaining your USD 1,100.00 minimum reserve and covering committed expenses. Even with adjusted spending, no safe payment path exists within the required timeframe. We recommend deferring this expense or revisiting it when your financial situation improves."
request_83,0.0,not_affordable,not_recommended,none,,none,"Your current balance of INR 68,930.00 is insufficient to safely cover INR 156,200.00 while maintaining your INR 37,800.00 minimum reserve and covering committed expenses. Even with adjusted spending, no safe payment path exists within the required timeframe. We recommend deferring this expense or revisiting it when your financial situation improves."
request_84,33624.84,affordable_later,wait,2026-06-15:95400,2026-06-15,none,"You currently have INR 153,945.00, but your committed expenses between now and your next income leave insufficient buffer (INR 33,624.84 available vs INR 95,400.00 needed). After your upcoming income is received, you will be able to make the full payment on 2026-06-15. We recommend waiting until then."
request_85,1743580.91,not_affordable,not_recommended,none,,none,"Your current balance of IDR 8,818,420.00 is insufficient to safely cover IDR 19,304,000.00 while maintaining your IDR 6,396,300.00 minimum reserve and covering committed expenses. Even with adjusted spending, no safe payment path exists within the required timeframe. We recommend deferring this expense or revisiting it when your financial situation improves."
request_86,46300.0,affordable_now,full_payment,2025-08-03:46300,2025-08-03,none,"Your current balance of INR 228,639.50 comfortably covers the INR 46,300.00 request after accounting for your INR 84,900.00 minimum reserve and all upcoming committed expenses. You can proceed with a full payment today, leaving a safety buffer of INR 28,997.34."
request_87,11432.82,not_affordable,not_recommended,none,,none,"Your current balance of INR 278,750.00 is insufficient to safely cover INR 487,900.00 while maintaining your INR 185,900.00 minimum reserve and covering committed expenses. Even with adjusted spending, no safe payment path exists within the required timeframe. We recommend deferring this expense or revisiting it when your financial situation improves."
request_88,11051.56,affordable_with_plan,installments,2024-06-14:9045.23|2024-07-15:9045.23|2024-08-15:9045.23,2024-08-15,none,"A full upfront payment of ZAR 26,092.00 would exceed your safe spending limit of ZAR 11,051.56. However, a structured installment plan with 3 payments starting 2024-06-14 keeps your balance above your ZAR 25,800.00 minimum at all times (total payable: ZAR 27,135.69)."
request_89,10950060.04,affordable_with_plan,installments,2025-11-18:4768746.67|2025-12-16:4768746.67|2026-01-13:4768746.67,2026-01-13,none,"A full upfront payment of IDR 13,756,000.00 would exceed your safe spending limit of IDR 10,950,060.04. However, a structured installment plan with 3 payments starting 2025-11-18 keeps your balance above your IDR 12,534,700.00 minimum at all times (total payable: IDR 14,306,240.01)."
request_90,2560.0,affordable_now,full_payment,2026-07-06:2560,2026-07-06,none,"Your current balance of ZAR 31,629.50 comfortably covers the ZAR 2,560.00 request after accounting for your ZAR 7,600.00 minimum reserve and all upcoming committed expenses. You can proceed with a full payment today, leaving a safety buffer of ZAR 16,132.56."
request_91,734.11,not_affordable,not_recommended,none,,none,"Your current balance of EUR 4,209.60 is insufficient to safely cover EUR 1,927.20 while maintaining your EUR 2,100.00 minimum reserve and covering committed expenses. Even with adjusted spending, no safe payment path exists within the required timeframe. We recommend deferring this expense or revisiting it when your financial situation improves."
request_92,5965.86,not_affordable,not_recommended,none,,none,"Your current balance of ZAR 78,664.47 is insufficient to safely cover ZAR 34,034.00 while maintaining your ZAR 28,100.00 minimum reserve and covering committed expenses. Even with adjusted spending, no safe payment path exists within the required timeframe. We recommend deferring this expense or revisiting it when your financial situation improves."
request_93,1729.2,affordable_now,full_payment,2026-04-07:1729.2,2026-04-07,none,"Your current balance of USD 3,962.10 comfortably covers the USD 1,729.20 request after accounting for your USD 1,900.00 minimum reserve and all upcoming committed expenses. You can proceed with a full payment today, leaving a safety buffer of USD 194.78."
request_94,572.0,affordable_now,full_payment,2024-12-04:572,2024-12-04,none,"Your current balance of EUR 2,663.60 comfortably covers the EUR 572.00 request after accounting for your EUR 600.00 minimum reserve and all upcoming committed expenses. You can proceed with a full payment today, leaving a safety buffer of EUR 830.98."
request_95,59262.77,not_affordable,not_recommended,none,,none,"Your current balance of INR 283,365.00 is insufficient to safely cover INR 553,000.00 while maintaining your INR 145,500.00 minimum reserve and covering committed expenses. Even with adjusted spending, no safe payment path exists within the required timeframe. We recommend deferring this expense or revisiting it when your financial situation improves."
request_96,84965.29,affordable_with_plan,installments,2026-01-10:31269.33|2026-02-09:31269.33|2026-03-11:31269.33,2026-03-11,none,"A full upfront payment of INR 90,200.00 would exceed your safe spending limit of INR 84,965.29. However, a structured installment plan with 3 payments starting 2026-01-10 keeps your balance above your INR 56,500.00 minimum at all times (total payable: INR 93,807.99)."
request_97,927.11,affordable_with_plan,installments,2024-03-19:8145.28|2024-04-19:8145.28|2024-05-20:8145.28,2024-05-20,none,"A full upfront payment of ZAR 23,496.00 would exceed your safe spending limit of ZAR 927.11. However, a structured installment plan with 3 payments starting 2024-03-19 keeps your balance above your ZAR 29,700.00 minimum at all times (total payable: ZAR 24,435.84)."
request_98,9313.56,affordable_later,wait,2025-10-15:27148,2025-10-15,none,"You currently have ZAR 47,244.70, but your committed expenses between now and your next income leave insufficient buffer (ZAR 9,313.56 available vs ZAR 27,148.00 needed). After your upcoming income is received, you will be able to make the full payment on 2025-10-15. We recommend waiting until then."
request_99,18062.0,affordable_now,full_payment,2026-07-04:18062,2026-07-04,none,"Your current balance of ZAR 86,706.58 comfortably covers the ZAR 18,062.00 request after accounting for your ZAR 49,100.00 minimum reserve and all upcoming committed expenses. You can proceed with a full payment today, leaving a safety buffer of ZAR 5,041.24."
request_100,29616.17,affordable_with_plan,installments,2024-06-13:12866.19|2024-07-14:12866.19|2024-08-14:12866.19,2024-08-14,none,"A full upfront payment of ZAR 37,114.00 would exceed your safe spending limit of ZAR 29,616.17. However, a structured installment plan with 3 payments starting 2024-06-13 keeps your balance above your ZAR 32,500.00 minimum at all times (total payable: ZAR 38,598.57)."
request_101,143500.0,affordable_now,full_payment,2025-11-03:143500,2025-11-03,none,"Your current balance of INR 465,868.50 comfortably covers the INR 143,500.00 request after accounting for your INR 187,400.00 minimum reserve and all upcoming committed expenses. You can proceed with a full payment today, leaving a safety buffer of INR 44,270.48."
request_102,1716.0,affordable_with_plan,installments,2026-04-05:594.88|2026-05-05:594.88|2026-06-04:594.88,2026-06-04,none,"A full upfront payment of EUR 1,716.00 would exceed your safe spending limit of EUR 3,493.56. However, a structured installment plan with 3 payments starting 2026-04-05 keeps your balance above your EUR 900.00 minimum at all times (total payable: EUR 1,784.64)."
request_103,22528.08,not_affordable,not_recommended,none,,none,"Your current balance of INR 168,749.00 is insufficient to safely cover INR 368,300.00 while maintaining your INR 125,500.00 minimum reserve and covering committed expenses. Even with adjusted spending, no safe payment path exists within the required timeframe. We recommend deferring this expense or revisiting it when your financial situation improves."
request_104,0.0,not_affordable,not_recommended,none,,none,"Your current balance of ZAR 64,021.70 is insufficient to safely cover ZAR 17,204.00 while maintaining your ZAR 24,700.00 minimum reserve and covering committed expenses. Even with adjusted spending, no safe payment path exists within the required timeframe. We recommend deferring this expense or revisiting it when your financial situation improves."
request_105,53500.0,affordable_with_plan,full_payment,2026-06-08:53500,2026-06-08,reduce_to:event_9720:1632|reduce_to:event_9721:1720,"By making some temporary adjustments to flexible spending (reduce_to event_9720, reduce_to event_9721), you can free up enough cash to safely cover INR 53,500.00 while protecting your INR 73,900.00 minimum reserve."
request_106,963.81,affordable_later,wait,2025-01-15:2207.7,2025-01-15,none,"You currently have EUR 2,601.70, but your committed expenses between now and your next income leave insufficient buffer (EUR 963.81 available vs EUR 2,207.70 needed). After your upcoming income is received, you will be able to make the full payment on 2025-01-15. We recommend waiting until then."
request_107,833.74,not_affordable,not_recommended,none,,none,"Your current balance of EUR 5,054.52 is insufficient to safely cover EUR 2,534.40 while maintaining your EUR 1,600.00 minimum reserve and covering committed expenses. Even with adjusted spending, no safe payment path exists within the required timeframe. We recommend deferring this expense or revisiting it when your financial situation improves."
request_108,0.0,not_affordable,not_recommended,none,,none,"Your current balance of ZAR 31,936.40 is insufficient to safely cover ZAR 55,308.00 while maintaining your ZAR 24,100.00 minimum reserve and covering committed expenses. Even with adjusted spending, no safe payment path exists within the required timeframe. We recommend deferring this expense or revisiting it when your financial situation improves."
request_109,806.72,affordable_with_plan,installments,2024-03-18:645.98|2024-04-18:645.98|2024-05-19:645.98,2024-05-19,none,"A full upfront payment of EUR 1,863.40 would exceed your safe spending limit of EUR 806.72. However, a structured installment plan with 3 payments starting 2024-03-18 keeps your balance above your EUR 1,700.00 minimum at all times (total payable: EUR 1,937.94)."
request_110,22352.0,affordable_with_plan,installments,2025-08-06:7748.69|2025-09-03:7748.69|2025-10-01:7748.69,2025-10-01,none,"A full upfront payment of ZAR 22,352.00 would exceed your safe spending limit of ZAR 38,881.17. However, a structured installment plan with 3 payments starting 2025-08-06 keeps your balance above your ZAR 11,200.00 minimum at all times (total payable: ZAR 23,246.07)."
request_111,16625000.0,affordable_now,full_payment,2026-04-03:16625000,2026-04-03,none,"Your current balance of IDR 85,204,860.00 comfortably covers the IDR 16,625,000.00 request after accounting for your IDR 23,022,800.00 minimum reserve and all upcoming committed expenses. You can proceed with a full payment today, leaving a safety buffer of IDR 2,010,442.41."
request_112,271.7,affordable_now,full_payment,2024-06-05:271.7,2024-06-05,none,"Your current balance of EUR 1,026.00 comfortably covers the EUR 271.70 request after accounting for your EUR 500.00 minimum reserve and all upcoming committed expenses. You can proceed with a full payment today, leaving a safety buffer of EUR 130.30."
request_113,36500.0,affordable_now,full_payment,2026-09-04:36500,2026-09-04,none,"Your current balance of INR 141,890.00 comfortably covers the INR 36,500.00 request after accounting for your INR 82,300.00 minimum reserve and all upcoming committed expenses. You can proceed with a full payment today, leaving a safety buffer of INR 805.49."
request_114,0.0,not_affordable,not_recommended,none,,none,"Your current balance of INR 219,230.00 is insufficient to safely cover INR 65,300.00 while maintaining your INR 113,400.00 minimum reserve and covering committed expenses. Even with adjusted spending, no safe payment path exists within the required timeframe. We recommend deferring this expense or revisiting it when your financial situation improves."
request_115,15056.54,affordable_later,wait,2024-11-15:80500,2024-11-15,none,"You currently have INR 65,935.00, but your committed expenses between now and your next income leave insufficient buffer (INR 15,056.54 available vs INR 80,500.00 needed). After your upcoming income is received, you will be able to make the full payment on 2024-11-15. We recommend waiting until then."
request_116,27543.98,not_affordable,not_recommended,none,,none,"Your current balance of INR 138,375.00 is insufficient to safely cover INR 241,200.00 while maintaining your INR 80,300.00 minimum reserve and covering committed expenses. Even with adjusted spending, no safe payment path exists within the required timeframe. We recommend deferring this expense or revisiting it when your financial situation improves."
request_117,880.0,affordable_now,full_payment,2026-07-05:880,2026-07-05,none,"Your current balance of EUR 2,164.20 comfortably covers the EUR 880.00 request after accounting for your EUR 1,000.00 minimum reserve and all upcoming committed expenses. You can proceed with a full payment today, leaving a safety buffer of EUR 88.65."
request_118,738.1,affordable_with_plan,installments,2024-12-07:255.87|2025-01-07:255.87|2025-02-07:255.87,2025-02-07,none,"A full upfront payment of EUR 738.10 would exceed your safe spending limit of EUR 766.02. However, a structured installment plan with 3 payments starting 2024-12-07 keeps your balance above your EUR 600.00 minimum at all times (total payable: EUR 767.61)."
request_119,70473.18,affordable_with_plan,installments,2025-05-18:70546.67|2025-06-15:70546.67|2025-07-13:70546.67,2025-07-13,none,"A full upfront payment of INR 203,500.00 would exceed your safe spending limit of INR 70,473.18. However, a structured installment plan with 3 payments starting 2025-05-18 keeps your balance above your INR 151,200.00 minimum at all times (total payable: INR 211,640.01)."
request_120,7714000.0,affordable_now,full_payment,2026-04-06:7714000,2026-04-06,none,"Your current balance of IDR 31,748,980.00 comfortably covers the IDR 7,714,000.00 request after accounting for your IDR 20,050,300.00 minimum reserve and all upcoming committed expenses. You can proceed with a full payment today, leaving a safety buffer of IDR 503,096.95."
request_121,633.6,affordable_now,full_payment,2024-03-03:633.6,2024-03-03,none,"Your current balance of USD 1,741.00 comfortably covers the USD 633.60 request after accounting for your USD 800.00 minimum reserve and all upcoming committed expenses. You can proceed with a full payment today, leaving a safety buffer of USD 162.81."
request_122,20558000.0,affordable_with_plan,installments,2025-08-05:7126773.33|2025-09-02:7126773.33|2025-09-30:7126773.33,2025-09-30,none,"A full upfront payment of IDR 20,558,000.00 would exceed your safe spending limit of IDR 41,498,322.86. However, a structured installment plan with 3 payments starting 2025-08-05 keeps your balance above your IDR 12,588,500.00 minimum at all times (total payable: IDR 21,380,319.99)."
request_123,4076000.0,affordable_now,full_payment,2026-01-07:4076000,2026-01-07,none,"Your current balance of IDR 63,706,400.00 comfortably covers the IDR 4,076,000.00 request after accounting for your IDR 18,091,200.00 minimum reserve and all upcoming committed expenses. You can proceed with a full payment today, leaving a safety buffer of IDR 14,207,257.73."
request_124,1384.6,affordable_with_plan,installments,2024-06-11:1076.12|2024-07-12:1076.12|2024-08-12:1076.12,2024-08-12,reduce_to:event_11480:38,"A full upfront payment of EUR 3,104.20 would exceed your safe spending limit of EUR 1,384.60. However, a structured installment plan with 3 payments starting 2024-06-11 keeps your balance above your EUR 1,600.00 minimum at all times (total payable: EUR 3,228.36)."
request_125,6468.0,affordable_now,full_payment,2025-11-06:6468,2025-11-06,none,"Your current balance of ZAR 22,027.97 comfortably covers the ZAR 6,468.00 request after accounting for your ZAR 11,300.00 minimum reserve and all upcoming committed expenses. You can proceed with a full payment today, leaving a safety buffer of ZAR 2,262.69."
request_126,159600.0,affordable_now,full_payment,2026-07-03:159600,2026-07-03,none,"Your current balance of INR 403,175.00 comfortably covers the INR 159,600.00 request after accounting for your INR 129,700.00 minimum reserve and all upcoming committed expenses. You can proceed with a full payment today, leaving a safety buffer of INR 77,976.52."
request_127,15603.09,affordable_later,wait,2024-09-15:23980,2024-09-15,none,"You currently have ZAR 66,058.00, but your committed expenses between now and your next income leave insufficient buffer (ZAR 15,603.09 available vs ZAR 23,980.00 needed). After your upcoming income is received, you will be able to make the full payment on 2024-09-15. We recommend waiting until then."
request_128,25168.0,affordable_now,full_payment,2025-02-07:25168,2025-02-07,none,"Your current balance of ZAR 80,711.70 comfortably covers the ZAR 25,168.00 request after accounting for your ZAR 42,600.00 minimum reserve and all upcoming committed expenses. You can proceed with a full payment today, leaving a safety buffer of ZAR 1,614.62."
request_129,100.49,not_affordable,not_recommended,none,,none,"Your current balance of USD 1,088.00 is insufficient to safely cover USD 2,668.80 while maintaining your USD 800.00 minimum reserve and covering committed expenses. Even with adjusted spending, no safe payment path exists within the required timeframe. We recommend deferring this expense or revisiting it when your financial situation improves."
request_130,663.31,affordable_later,wait,2025-02-15:1978.8,2025-02-15,none,"You currently have USD 2,317.46, but your committed expenses between now and your next income leave insufficient buffer (USD 663.31 available vs USD 1,978.80 needed). After your upcoming income is received, you will be able to make the full payment on 2025-02-15. We recommend waiting until then."
request_131,1493.67,affordable_with_plan,installments,2025-05-06:643.14|2025-06-03:643.14|2025-07-01:643.14,2025-07-01,none,"A full upfront payment of USD 1,855.20 would exceed your safe spending limit of USD 1,493.67. However, a structured installment plan with 3 payments starting 2025-05-06 keeps your balance above your USD 1,100.00 minimum at all times (total payable: USD 1,929.42)."
request_132,0.0,not_affordable,not_recommended,none,,none,"Your current balance of USD 1,744.55 is insufficient to safely cover USD 379.86 while maintaining your USD 1,100.00 minimum reserve and covering committed expenses. Even with adjusted spending, no safe payment path exists within the required timeframe. We recommend deferring this expense or revisiting it when your financial situation improves."
request_133,15770000.0,affordable_now,full_payment,2024-03-07:15770000,2024-03-07,none,"Your current balance of IDR 36,824,650.00 comfortably covers the IDR 15,770,000.00 request after accounting for your IDR 9,986,200.00 minimum reserve and all upcoming committed expenses. You can proceed with a full payment today, leaving a safety buffer of IDR 8,475,900.00."
request_134,7407746.83,not_affordable,not_recommended,none,,none,"Your current balance of IDR 28,020,700.00 is insufficient to safely cover IDR 21,831,000.00 while maintaining your IDR 15,902,500.00 minimum reserve and covering committed expenses. Even with adjusted spending, no safe payment path exists within the required timeframe. We recommend deferring this expense or revisiting it when your financial situation improves."
request_135,277.55,not_affordable,not_recommended,none,,none,"Your current balance of USD 1,041.10 is insufficient to safely cover USD 304.80 while maintaining your USD 500.00 minimum reserve and covering committed expenses. Even with adjusted spending, no safe payment path exists within the required timeframe. We recommend deferring this expense or revisiting it when your financial situation improves."
request_136,560.4,affordable_now,full_payment,2024-06-03:560.4,2024-06-03,none,"Your current balance of USD 2,291.68 comfortably covers the USD 560.40 request after accounting for your USD 1,100.00 minimum reserve and all upcoming committed expenses. You can proceed with a full payment today, leaving a safety buffer of USD 123.45."
request_137,37380.24,not_affordable,not_recommended,none,,none,"Your current balance of INR 139,760.00 is insufficient to safely cover INR 80,100.00 while maintaining your INR 71,800.00 minimum reserve and covering committed expenses. Even with adjusted spending, no safe payment path exists within the required timeframe. We recommend deferring this expense or revisiting it when your financial situation improves."
request_138,730.93,affordable_with_plan,installments,2026-04-07:435.74|2026-05-05:435.74|2026-06-02:435.74,2026-06-02,none,"A full upfront payment of EUR 1,256.94 would exceed your safe spending limit of EUR 730.93. However, a structured installment plan with 3 payments starting 2026-04-07 keeps your balance above your EUR 2,300.00 minimum at all times (total payable: EUR 1,307.22)."
request_139,2038.74,affordable_with_plan,installments,2024-09-07:802.88|2024-10-08:802.88|2024-11-08:802.88,2024-11-08,none,"A full upfront payment of USD 2,316.00 would exceed your safe spending limit of USD 2,038.74. However, a structured installment plan with 3 payments starting 2024-09-07 keeps your balance above your USD 1,500.00 minimum at all times (total payable: USD 2,408.64)."
request_140,4591.4,not_affordable,not_recommended,none,,none,"Your current balance of ZAR 34,679.00 is insufficient to safely cover ZAR 62,832.00 while maintaining your ZAR 21,600.00 minimum reserve and covering committed expenses. Even with adjusted spending, no safe payment path exists within the required timeframe. We recommend deferring this expense or revisiting it when your financial situation improves."
request_141,33517.85,not_affordable,not_recommended,none,,none,"Your current balance of INR 122,545.00 is insufficient to safely cover INR 171,600.00 while maintaining your INR 67,300.00 minimum reserve and covering committed expenses. Even with adjusted spending, no safe payment path exists within the required timeframe. We recommend deferring this expense or revisiting it when your financial situation improves."
request_142,1263.6,affordable_now,full_payment,2024-12-05:1263.6,2024-12-05,none,"Your current balance of USD 5,993.85 comfortably covers the USD 1,263.60 request after accounting for your USD 1,700.00 minimum reserve and all upcoming committed expenses. You can proceed with a full payment today, leaving a safety buffer of USD 2,565.21."
request_143,4472.25,not_affordable,not_recommended,none,,none,"Your current balance of ZAR 20,111.00 is insufficient to safely cover ZAR 12,584.00 while maintaining your ZAR 11,300.00 minimum reserve and covering committed expenses. Even with adjusted spending, no safe payment path exists within the required timeframe. We recommend deferring this expense or revisiting it when your financial situation improves."
request_144,203.59,affordable_later,wait,2026-07-15:233.34,2026-07-15,none,"You currently have USD 1,248.08, but your committed expenses between now and your next income leave insufficient buffer (USD 203.59 available vs USD 233.34 needed). After your upcoming income is received, you will be able to make the full payment on 2026-07-15. We recommend waiting until then."
request_145,66935.0,affordable_with_plan,installments,2024-03-20:75365.33|2024-04-20:75365.33|2024-05-21:75365.33,2024-05-21,none,"A full upfront payment of INR 217,400.00 would exceed your safe spending limit of INR 66,935.00. However, a structured installment plan with 3 payments starting 2024-03-20 keeps your balance above your INR 155,400.00 minimum at all times (total payable: INR 226,095.99)."
request_146,20680.98,not_affordable,not_recommended,none,,none,"Your current balance of INR 190,065.00 is insufficient to safely cover INR 449,400.00 while maintaining your INR 108,600.00 minimum reserve and covering committed expenses. Even with adjusted spending, no safe payment path exists within the required timeframe. We recommend deferring this expense or revisiting it when your financial situation improves."
request_147,491.94,affordable_with_plan,installments,2026-04-08:391.63|2026-05-08:391.63|2026-06-07:391.63,2026-06-07,none,"A full upfront payment of EUR 1,129.70 would exceed your safe spending limit of EUR 491.94. However, a structured installment plan with 3 payments starting 2026-04-08 keeps your balance above your EUR 900.00 minimum at all times (total payable: EUR 1,174.89)."
request_148,10456.18,affordable_with_plan,installments,2024-06-14:7710.56|2024-07-15:7710.56|2024-08-15:7710.56,2024-08-15,none,"A full upfront payment of ZAR 22,242.00 would exceed your safe spending limit of ZAR 10,456.18. However, a structured installment plan with 3 payments starting 2024-06-14 keeps your balance above your ZAR 20,000.00 minimum at all times (total payable: ZAR 23,131.68)."
request_149,29774.09,affordable_with_plan,installments,2025-11-18:12706.03|2025-12-16:12706.03|2026-01-13:12706.03,2026-01-13,none,"A full upfront payment of ZAR 36,652.00 would exceed your safe spending limit of ZAR 29,774.09. However, a structured installment plan with 3 payments starting 2025-11-18 keeps your balance above your ZAR 42,100.00 minimum at all times (total payable: ZAR 38,118.09)."
request_150,0.0,not_affordable,not_recommended,none,,none,"Your current balance of EUR 1,257.44 is insufficient to safely cover EUR 496.10 while maintaining your EUR 700.00 minimum reserve and covering committed expenses. Even with adjusted spending, no safe payment path exists within the required timeframe. We recommend deferring this expense or revisiting it when your financial situation improves."
request_151,26999000.0,affordable_now,full_payment,2024-09-03:26999000,2024-09-03,none,"Your current balance of IDR 83,998,265.00 comfortably covers the IDR 26,999,000.00 request after accounting for your IDR 31,633,600.00 minimum reserve and all upcoming committed expenses. You can proceed with a full payment today, leaving a safety buffer of IDR 2,676,208.71."
request_152,13185.27,affordable_with_plan,installments,2025-02-12:4812.43|2025-03-12:4812.43|2025-04-09:4812.43,2025-04-09,none,"A full upfront payment of ZAR 13,882.00 would exceed your safe spending limit of ZAR 13,185.27. However, a structured installment plan with 3 payments starting 2025-02-12 keeps your balance above your ZAR 11,900.00 minimum at all times (total payable: ZAR 14,437.29)."
request_153,109.53,not_affordable,not_recommended,none,,none,"Your current balance of USD 1,903.60 is insufficient to safely cover USD 2,830.80 while maintaining your USD 1,400.00 minimum reserve and covering committed expenses. Even with adjusted spending, no safe payment path exists within the required timeframe. We recommend deferring this expense or revisiting it when your financial situation improves."
request_154,1625.8,affordable_with_plan,installments,2024-12-04:563.61|2025-01-04:563.61|2025-02-04:563.61,2025-02-04,none,"A full upfront payment of EUR 1,625.80 would exceed your safe spending limit of EUR 1,702.51. However, a structured installment plan with 3 payments starting 2024-12-04 keeps your balance above your EUR 1,300.00 minimum at all times (total payable: EUR 1,690.83)."
request_155,112500.0,affordable_now,full_payment,2025-05-06:112500,2025-05-06,none,"Your current balance of INR 218,050.00 comfortably covers the INR 112,500.00 request after accounting for your INR 56,300.00 minimum reserve and all upcoming committed expenses. You can proceed with a full payment today, leaving a safety buffer of INR 16,236.54."
request_156,8506.09,affordable_later,wait,2026-06-15:43076,2026-06-15,none,"You currently have ZAR 42,105.30, but your committed expenses between now and your next income leave insufficient buffer (ZAR 8,506.09 available vs ZAR 43,076.00 needed). After your upcoming income is received, you will be able to make the full payment on 2026-06-15. We recommend waiting until then."
request_157,7058932.83,affordable_later,wait,2024-05-15:23503000,2024-05-15,none,"You currently have IDR 25,805,950.00, but your committed expenses between now and your next income leave insufficient buffer (IDR 7,058,932.83 available vs IDR 23,503,000.00 needed). After your upcoming income is received, you will be able to make the full payment on 2024-05-15. We recommend waiting until then."
request_158,242600.0,affordable_with_plan,installments,2025-08-07:84101.33|2025-09-04:84101.33|2025-10-02:84101.33,2025-10-02,none,"A full upfront payment of INR 242,600.00 would exceed your safe spending limit of INR 418,104.36. However, a structured installment plan with 3 payments starting 2025-08-07 keeps your balance above your INR 131,400.00 minimum at all times (total payable: INR 252,303.99)."
request_159,8725.37,not_affordable,not_recommended,none,,none,"Your current balance of ZAR 40,283.20 is insufficient to safely cover ZAR 13,398.00 while maintaining your ZAR 8,700.00 minimum reserve and covering committed expenses. Even with adjusted spending, no safe payment path exists within the required timeframe. We recommend deferring this expense or revisiting it when your financial situation improves."
request_160,547.01,affordable_with_plan,installments,2024-06-13:432.05|2024-07-14:432.05|2024-08-14:432.05,2024-08-14,none,"A full upfront payment of EUR 1,246.30 would exceed your safe spending limit of EUR 547.01. However, a structured installment plan with 3 payments starting 2024-06-13 keeps your balance above your EUR 1,200.00 minimum at all times (total payable: EUR 1,296.15)."
request_161,0.0,not_affordable,not_recommended,none,,none,"Your current balance of IDR 41,308,350.00 is insufficient to safely cover IDR 21,204,000.00 while maintaining your IDR 23,010,400.00 minimum reserve and covering committed expenses. Even with adjusted spending, no safe payment path exists within the required timeframe. We recommend deferring this expense or revisiting it when your financial situation improves."
request_162,4447515.27,not_affordable,not_recommended,none,,none,"Your current balance of IDR 34,607,300.00 is insufficient to safely cover IDR 83,923,000.00 while maintaining your IDR 24,161,100.00 minimum reserve and covering committed expenses. Even with adjusted spending, no safe payment path exists within the required timeframe. We recommend deferring this expense or revisiting it when your financial situation improves."
request_163,13289162.0,affordable_with_plan,installments,2024-09-10:6692053.33|2024-10-11:6692053.33|2024-11-11:6692053.33,2024-11-11,none,"A full upfront payment of IDR 19,304,000.00 would exceed your safe spending limit of IDR 13,289,162.00. However, a structured installment plan with 3 payments starting 2024-09-10 keeps your balance above your IDR 26,728,700.00 minimum at all times (total payable: IDR 20,076,159.99)."
request_164,22011306.71,not_affordable,not_recommended,none,,none,"Your current balance of IDR 75,429,169.20 is insufficient to safely cover IDR 27,018,000.00 while maintaining your IDR 29,550,500.00 minimum reserve and covering committed expenses. Even with adjusted spending, no safe payment path exists within the required timeframe. We recommend deferring this expense or revisiting it when your financial situation improves."
request_165,80600.0,affordable_now,full_payment,2026-04-06:80600,2026-04-06,none,"Your current balance of INR 366,705.00 comfortably covers the INR 80,600.00 request after accounting for your INR 95,000.00 minimum reserve and all upcoming committed expenses. You can proceed with a full payment today, leaving a safety buffer of INR 1,916.65."
request_166,2907.6,affordable_with_plan,installments,2024-12-03:1007.97|2025-01-03:1007.97|2025-02-03:1007.97,2025-02-03,none,"A full upfront payment of USD 2,907.60 would exceed your safe spending limit of USD 6,915.30. However, a structured installment plan with 3 payments starting 2024-12-03 keeps your balance above your USD 1,700.00 minimum at all times (total payable: USD 3,023.91)."
request_167,43802.0,affordable_now,full_payment,2025-05-05:43802,2025-05-05,none,"Your current balance of ZAR 105,090.30 comfortably covers the ZAR 43,802.00 request after accounting for your ZAR 31,200.00 minimum reserve and all upcoming committed expenses. You can proceed with a full payment today, leaving a safety buffer of ZAR 16,344.40."
request_168,0.0,not_affordable,not_recommended,none,,none,"Your current balance of INR 173,843.00 is insufficient to safely cover INR 49,380.00 while maintaining your INR 114,400.00 minimum reserve and covering committed expenses. Even with adjusted spending, no safe payment path exists within the required timeframe. We recommend deferring this expense or revisiting it when your financial situation improves."
request_169,41976.0,affordable_now,full_payment,2024-03-04:41976,2024-03-04,none,"Your current balance of ZAR 77,544.50 comfortably covers the ZAR 41,976.00 request after accounting for your ZAR 18,700.00 minimum reserve and all upcoming committed expenses. You can proceed with a full payment today, leaving a safety buffer of ZAR 10,186.52."
request_170,34422077.09,affordable_with_plan,installments,2025-08-06:12804480|2025-09-03:12804480|2025-10-01:12804480,2025-10-01,none,"A full upfront payment of IDR 36,936,000.00 would exceed your safe spending limit of IDR 34,422,077.09. However, a structured installment plan with 3 payments starting 2025-08-06 keeps your balance above your IDR 24,715,800.00 minimum at all times (total payable: IDR 38,413,440.00)."
request_171,110.95,not_affordable,not_recommended,none,,none,"Your current balance of EUR 810.65 is insufficient to safely cover EUR 1,878.80 while maintaining your EUR 500.00 minimum reserve and covering committed expenses. Even with adjusted spending, no safe payment path exists within the required timeframe. We recommend deferring this expense or revisiting it when your financial situation improves."
request_172,10200.0,affordable_with_plan,installments,2024-06-05:5304|2024-07-03:5304,2024-07-03,none,"A full upfront payment of ZAR 10,200.00 would exceed your safe spending limit of ZAR 12,998.57. However, a structured installment plan with 2 payments starting 2024-06-05 keeps your balance above your ZAR 27,200.00 minimum at all times (total payable: ZAR 10,608.00)."
request_173,61046.11,affordable_with_plan,installments,2025-11-21:39173.33|2025-12-19:39173.33|2026-01-16:39173.33,2026-01-16,none,"A full upfront payment of INR 113,000.00 would exceed your safe spending limit of INR 61,046.11. However, a structured installment plan with 3 payments starting 2025-11-21 keeps your balance above your INR 79,100.00 minimum at all times (total payable: INR 117,519.99)."
request_174,1146.2,affordable_with_plan,installments,2026-04-04:397.35|2026-05-04:397.35|2026-06-03:397.35,2026-06-03,reduce_to:event_15976:16.8,"A full upfront payment of EUR 1,146.20 would exceed your safe spending limit of EUR 1,192.26. However, a structured installment plan with 3 payments starting 2026-04-04 keeps your balance above your EUR 700.00 minimum at all times (total payable: EUR 1,192.05)."
request_175,2346.3,affordable_now,full_payment,2024-09-06:2346.3,2024-09-06,none,"Your current balance of EUR 4,760.25 comfortably covers the EUR 2,346.30 request after accounting for your EUR 1,700.00 minimum reserve and all upcoming committed expenses. You can proceed with a full payment today, leaving a safety buffer of EUR 548.86."
request_176,0.0,not_affordable,not_recommended,none,,none,"Your current balance of EUR 1,286.95 is insufficient to safely cover EUR 1,239.70 while maintaining your EUR 600.00 minimum reserve and covering committed expenses. Even with adjusted spending, no safe payment path exists within the required timeframe. We recommend deferring this expense or revisiting it when your financial situation improves."
request_177,1017.6,affordable_with_plan,full_payment,2026-01-05:1017.6,2026-01-05,stop:event_16234|stop:event_16235|reduce_to:event_16236:34.4|reduce_to:event_16237:15.5|reduce_to:event_16317:32,"By making some temporary adjustments to flexible spending (stop event_16234, stop event_16235, reduce_to event_16236), you can free up enough cash to safely cover USD 1,017.60 while protecting your USD 1,300.00 minimum reserve."
request_178,2938.1,affordable_with_plan,installments,2024-12-07:1018.54|2025-01-07:1018.54|2025-02-07:1018.54,2025-02-07,none,"A full upfront payment of EUR 2,938.10 would exceed your safe spending limit of EUR 5,353.79. However, a structured installment plan with 3 payments starting 2024-12-07 keeps your balance above your EUR 1,400.00 minimum at all times (total payable: EUR 3,055.62)."
request_179,28112069.84,affordable_later,wait,2025-06-15:41648000,2025-06-15,none,"You currently have IDR 79,388,050.00, but your committed expenses between now and your next income leave insufficient buffer (IDR 28,112,069.84 available vs IDR 41,648,000.00 needed). After your upcoming income is received, you will be able to make the full payment on 2025-06-15. We recommend waiting until then."
request_180,66500.0,affordable_now,full_payment,2026-07-06:66500,2026-07-06,none,"Your current balance of INR 134,980.00 comfortably covers the INR 66,500.00 request after accounting for your INR 37,300.00 minimum reserve and all upcoming committed expenses. You can proceed with a full payment today, leaving a safety buffer of INR 15,425.00."
request_181,578.25,not_affordable,not_recommended,none,,none,"Your current balance of USD 3,362.00 is insufficient to safely cover USD 5,059.20 while maintaining your USD 2,000.00 minimum reserve and covering committed expenses. Even with adjusted spending, no safe payment path exists within the required timeframe. We recommend deferring this expense or revisiting it when your financial situation improves."
request_182,65714.0,affordable_now,full_payment,2025-08-05:65714,2025-08-05,none,"Your current balance of ZAR 125,010.30 comfortably covers the ZAR 65,714.00 request after accounting for your ZAR 31,100.00 minimum reserve and all upcoming committed expenses. You can proceed with a full payment today, leaving a safety buffer of ZAR 15,011.49."
request_183,22948610.98,affordable_with_plan,installments,2026-04-10:9313546.67|2026-05-10:9313546.67|2026-06-09:9313546.67,2026-06-09,none,"A full upfront payment of IDR 26,866,000.00 would exceed your safe spending limit of IDR 22,948,610.98. However, a structured installment plan with 3 payments starting 2026-04-10 keeps your balance above your IDR 11,878,300.00 minimum at all times (total payable: IDR 27,940,640.01)."
request_184,22642.0,not_affordable,not_recommended,none,,none,"Your current balance of INR 163,160.00 is insufficient to safely cover INR 251,900.00 while maintaining your INR 110,800.00 minimum reserve and covering committed expenses. Even with adjusted spending, no safe payment path exists within the required timeframe. We recommend deferring this expense or revisiting it when your financial situation improves."
request_185,583.23,affordable_later,wait,2026-01-15:1257.3,2026-01-15,none,"You currently have EUR 2,083.40, but your committed expenses between now and your next income leave insufficient buffer (EUR 583.23 available vs EUR 1,257.30 needed). After your upcoming income is received, you will be able to make the full payment on 2026-01-15. We recommend waiting until then."
request_186,0.0,not_affordable,not_recommended,none,,none,"Your current balance of ZAR 44,863.50 is insufficient to safely cover ZAR 26,554.00 while maintaining your ZAR 22,000.00 minimum reserve and covering committed expenses. Even with adjusted spending, no safe payment path exists within the required timeframe. We recommend deferring this expense or revisiting it when your financial situation improves."
request_187,37437.12,affordable_later,wait,2024-11-15:187500,2024-11-15,none,"You currently have INR 195,735.00, but your committed expenses between now and your next income leave insufficient buffer (INR 37,437.12 available vs INR 187,500.00 needed). After your upcoming income is received, you will be able to make the full payment on 2024-11-15. We recommend waiting until then."
request_188,318.3,not_affordable,not_recommended,none,,none,"Your current balance of EUR 1,485.30 is insufficient to safely cover EUR 2,464.00 while maintaining your EUR 900.00 minimum reserve and covering committed expenses. Even with adjusted spending, no safe payment path exists within the required timeframe. We recommend deferring this expense or revisiting it when your financial situation improves."
request_189,488.4,affordable_now,full_payment,2026-07-04:488.4,2026-07-04,none,"Your current balance of EUR 1,147.66 comfortably covers the EUR 488.40 request after accounting for your EUR 400.00 minimum reserve and all upcoming committed expenses. You can proceed with a full payment today, leaving a safety buffer of EUR 136.20."
request_190,807.71,not_affordable,not_recommended,none,,none,"Your current balance of EUR 3,155.80 is insufficient to safely cover EUR 2,557.50 while maintaining your EUR 1,600.00 minimum reserve and covering committed expenses. Even with adjusted spending, no safe payment path exists within the required timeframe. We recommend deferring this expense or revisiting it when your financial situation improves."
request_191,664.4,affordable_now,full_payment,2025-05-03:664.4,2025-05-03,none,"Your current balance of EUR 1,591.06 comfortably covers the EUR 664.40 request after accounting for your EUR 500.00 minimum reserve and all upcoming committed expenses. You can proceed with a full payment today, leaving a safety buffer of EUR 241.17."
request_192,217.49,not_affordable,not_recommended,none,,none,"Your current balance of USD 1,384.80 is insufficient to safely cover USD 2,046.00 while maintaining your USD 1,000.00 minimum reserve and covering committed expenses. Even with adjusted spending, no safe payment path exists within the required timeframe. We recommend deferring this expense or revisiting it when your financial situation improves."
request_193,211.14,affordable_with_plan,installments,2024-03-21:420.23|2024-04-21:420.23|2024-05-22:420.23,2024-05-22,none,"A full upfront payment of EUR 1,212.20 would exceed your safe spending limit of EUR 211.14. However, a structured installment plan with 3 payments starting 2024-03-21 keeps your balance above your EUR 1,000.00 minimum at all times (total payable: EUR 1,260.69)."
request_194,47429.67,not_affordable,not_recommended,none,,none,"Your current balance of INR 208,630.00 is insufficient to safely cover INR 132,800.00 while maintaining your INR 113,600.00 minimum reserve and covering committed expenses. Even with adjusted spending, no safe payment path exists within the required timeframe. We recommend deferring this expense or revisiting it when your financial situation improves."
request_195,256.55,not_affordable,not_recommended,none,,none,"Your current balance of EUR 2,011.18 is insufficient to safely cover EUR 1,170.40 while maintaining your EUR 700.00 minimum reserve and covering committed expenses. Even with adjusted spending, no safe payment path exists within the required timeframe. We recommend deferring this expense or revisiting it when your financial situation improves."
request_196,762.3,affordable_now,full_payment,2024-06-03:762.3,2024-06-03,none,"Your current balance of EUR 1,575.65 comfortably covers the EUR 762.30 request after accounting for your EUR 500.00 minimum reserve and all upcoming committed expenses. You can proceed with a full payment today, leaving a safety buffer of EUR 146.79."
request_197,24991752.74,not_affordable,not_recommended,none,,none,"Your current balance of IDR 96,081,218.26 is insufficient to safely cover IDR 50,939,000.00 while maintaining your IDR 26,245,900.00 minimum reserve and covering committed expenses. Even with adjusted spending, no safe payment path exists within the required timeframe. We recommend deferring this expense or revisiting it when your financial situation improves."
request_198,185800.0,affordable_now,full_payment,2026-07-07:185800,2026-07-07,none,"Your current balance of INR 395,190.00 comfortably covers the INR 185,800.00 request after accounting for your INR 124,300.00 minimum reserve and all upcoming committed expenses. You can proceed with a full payment today, leaving a safety buffer of INR 29,136.60."
request_199,23674000.0,affordable_with_plan,installments,2024-09-07:8206986.67|2024-10-08:8206986.67|2024-11-08:8206986.67,2024-11-08,none,"A full upfront payment of IDR 23,674,000.00 would exceed your safe spending limit of IDR 55,043,550.07. However, a structured installment plan with 3 payments starting 2024-09-07 keeps your balance above your IDR 25,359,500.00 minimum at all times (total payable: IDR 24,620,960.01)."
request_200,21717000.0,affordable_now,full_payment,2025-02-06:21717000,2025-02-06,none,"Your current balance of IDR 53,886,150.00 comfortably covers the IDR 21,717,000.00 request after accounting for your IDR 20,114,600.00 minimum reserve and all upcoming committed expenses. You can proceed with a full payment today, leaving a safety buffer of IDR 6,622,398.89."
request_201,23997000.0,affordable_now,full_payment,2026-04-03:23997000,2026-04-03,none,"Your current balance of IDR 77,973,400.00 comfortably covers the IDR 23,997,000.00 request after accounting for your IDR 17,304,500.00 minimum reserve and all upcoming committed expenses. You can proceed with a full payment today, leaving a safety buffer of IDR 32,539,066.59."
request_202,123900.0,affordable_now,full_payment,2024-12-05:123900,2024-12-05,none,"Your current balance of INR 366,065.00 comfortably covers the INR 123,900.00 request after accounting for your INR 147,800.00 minimum reserve and all upcoming committed expenses. You can proceed with a full payment today, leaving a safety buffer of INR 31,659.48."
request_203,1442.1,affordable_with_plan,installments,2025-05-10:499.93|2025-06-07:499.93|2025-07-05:499.93,2025-07-05,none,"A full upfront payment of EUR 1,442.10 would exceed your safe spending limit of EUR 3,112.12. However, a structured installment plan with 3 payments starting 2025-05-10 keeps your balance above your EUR 1,400.00 minimum at all times (total payable: EUR 1,499.79)."
request_204,588.74,affordable_now,full_payment,2026-01-04:588.74,2026-01-04,none,"Your current balance of EUR 2,626.28 comfortably covers the EUR 588.74 request after accounting for your EUR 1,300.00 minimum reserve and all upcoming committed expenses. You can proceed with a full payment today, leaving a safety buffer of EUR 183.20."
request_205,10621000.0,affordable_now,full_payment,2024-03-06:10621000,2024-03-06,none,"Your current balance of IDR 31,462,900.00 comfortably covers the IDR 10,621,000.00 request after accounting for your IDR 13,994,300.00 minimum reserve and all upcoming committed expenses. You can proceed with a full payment today, leaving a safety buffer of IDR 4,365,977.71."
request_206,1404.7,affordable_with_plan,installments,2025-08-03:486.96|2025-08-31:486.96|2025-09-28:486.96,2025-09-28,none,"A full upfront payment of EUR 1,404.70 would exceed your safe spending limit of EUR 3,904.39. However, a structured installment plan with 3 payments starting 2025-08-03 keeps your balance above your EUR 900.00 minimum at all times (total payable: EUR 1,460.88)."
request_207,9418.65,affordable_later,wait,2026-07-15:11830,2026-07-15,none,"You currently have ZAR 26,729.60, but your committed expenses between now and your next income leave insufficient buffer (ZAR 9,418.65 available vs ZAR 11,830.00 needed). After your upcoming income is received, you will be able to make the full payment on 2026-07-15. We recommend waiting until then."
request_208,4413000.0,affordable_now,full_payment,2024-06-07:4413000,2024-06-07,none,"Your current balance of IDR 16,928,800.00 comfortably covers the IDR 4,413,000.00 request after accounting for your IDR 10,470,700.00 minimum reserve and all upcoming committed expenses. You can proceed with a full payment today, leaving a safety buffer of IDR 92,264.40."
request_209,3062.16,not_affordable,not_recommended,none,,none,"Your current balance of ZAR 27,025.10 is insufficient to safely cover ZAR 56,914.00 while maintaining your ZAR 18,400.00 minimum reserve and covering committed expenses. Even with adjusted spending, no safe payment path exists within the required timeframe. We recommend deferring this expense or revisiting it when your financial situation improves."
request_210,957.8,affordable_with_plan,installments,2026-04-06:471.48|2026-05-04:471.48|2026-06-01:471.48,2026-06-01,none,"A full upfront payment of USD 1,360.02 would exceed your safe spending limit of USD 957.80. However, a structured installment plan with 3 payments starting 2026-04-06 keeps your balance above your USD 2,000.00 minimum at all times (total payable: USD 1,414.44)."
request_211,583.33,affordable_later,wait,2024-11-15:1788.6,2024-11-15,none,"You currently have EUR 2,727.89, but your committed expenses between now and your next income leave insufficient buffer (EUR 583.33 available vs EUR 1,788.60 needed). After your upcoming income is received, you will be able to make the full payment on 2024-11-15. We recommend waiting until then."
request_212,10101047.05,not_affordable,not_recommended,none,,none,"Your current balance of IDR 51,923,800.00 is insufficient to safely cover IDR 71,934,000.00 while maintaining your IDR 29,579,800.00 minimum reserve and covering committed expenses. Even with adjusted spending, no safe payment path exists within the required timeframe. We recommend deferring this expense or revisiting it when your financial situation improves."
request_213,3362.4,affordable_with_plan,installments,2026-01-21:1165.63|2026-02-20:1165.63|2026-03-22:1165.63,2026-03-22,none,"A full upfront payment of USD 3,362.40 would exceed your safe spending limit of USD 9,334.17. However, a structured installment plan with 3 payments starting 2026-01-21 keeps your balance above your USD 2,100.00 minimum at all times (total payable: USD 3,496.89)."
request_214,69750.0,affordable_with_plan,installments,2024-12-04:36270|2025-01-01:36270,2025-01-01,none,"A full upfront payment of INR 69,750.00 would exceed your safe spending limit of INR 81,400.07. However, a structured installment plan with 2 payments starting 2024-12-04 keeps your balance above your INR 174,900.00 minimum at all times (total payable: INR 72,540.00)."
request_215,29986.0,affordable_with_plan,installments,2025-05-09:10395.15|2025-06-06:10395.15|2025-07-04:10395.15,2025-07-04,none,"A full upfront payment of ZAR 29,986.00 would exceed your safe spending limit of ZAR 44,110.20. However, a structured installment plan with 3 payments starting 2025-05-09 keeps your balance above your ZAR 15,700.00 minimum at all times (total payable: ZAR 31,185.45)."
request_216,721.02,not_affordable,not_recommended,none,,none,"Your current balance of USD 2,966.80 is insufficient to safely cover USD 3,332.40 while maintaining your USD 1,800.00 minimum reserve and covering committed expenses. Even with adjusted spending, no safe payment path exists within the required timeframe. We recommend deferring this expense or revisiting it when your financial situation improves."
request_217,23227.42,affordable_with_plan,installments,2024-03-19:12889.07|2024-04-19:12889.07|2024-05-20:12889.07,2024-05-20,none,"A full upfront payment of ZAR 37,180.00 would exceed your safe spending limit of ZAR 23,227.42. However, a structured installment plan with 3 payments starting 2024-03-19 keeps your balance above your ZAR 26,800.00 minimum at all times (total payable: ZAR 38,667.21)."
request_218,23680383.1,affordable_with_plan,installments,2025-08-07:21195893.33|2025-09-04:21195893.33|2025-10-02:21195893.33,2025-10-02,none,"A full upfront payment of IDR 61,142,000.00 would exceed your safe spending limit of IDR 23,680,383.10. However, a structured installment plan with 3 payments starting 2025-08-07 keeps your balance above your IDR 34,477,200.00 minimum at all times (total payable: IDR 63,587,679.99)."
request_219,1406.86,affordable_with_plan,installments,2026-04-07:580.01|2026-05-07:580.01|2026-06-06:580.01,2026-06-06,none,"A full upfront payment of EUR 1,673.10 would exceed your safe spending limit of EUR 1,406.86. However, a structured installment plan with 3 payments starting 2026-04-07 keeps your balance above your EUR 1,100.00 minimum at all times (total payable: EUR 1,740.03)."
request_220,215.79,not_affordable,not_recommended,none,,none,"Your current balance of EUR 1,487.32 is insufficient to safely cover EUR 3,118.50 while maintaining your EUR 1,100.00 minimum reserve and covering committed expenses. Even with adjusted spending, no safe payment path exists within the required timeframe. We recommend deferring this expense or revisiting it when your financial situation improves."
request_221,109800.0,affordable_now,full_payment,2025-11-03:109800,2025-11-03,none,"Your current balance of INR 268,305.00 comfortably covers the INR 109,800.00 request after accounting for your INR 81,500.00 minimum reserve and all upcoming committed expenses. You can proceed with a full payment today, leaving a safety buffer of INR 37,877.64."
request_222,34078.0,affordable_now,full_payment,2026-01-05:34078,2026-01-05,none,"Your current balance of ZAR 118,101.70 comfortably covers the ZAR 34,078.00 request after accounting for your ZAR 27,300.00 minimum reserve and all upcoming committed expenses. You can proceed with a full payment today, leaving a safety buffer of ZAR 26,078.77."
request_223,898.7,affordable_now,full_payment,2024-09-07:898.7,2024-09-07,none,"Your current balance of EUR 2,255.51 comfortably covers the EUR 898.70 request after accounting for your EUR 800.00 minimum reserve and all upcoming committed expenses. You can proceed with a full payment today, leaving a safety buffer of EUR 252.82."
request_224,10327000.0,affordable_with_plan,installments,2025-02-04:5370040|2025-03-04:5370040,2025-03-04,none,"A full upfront payment of IDR 10,327,000.00 would exceed your safe spending limit of IDR 13,039,493.01. However, a structured installment plan with 2 payments starting 2025-02-04 keeps your balance above your IDR 22,187,600.00 minimum at all times (total payable: IDR 10,740,080.00)."
request_225,13525635.73,affordable_with_plan,installments,2026-07-20:7647120|2026-08-19:7647120|2026-09-18:7647120,2026-09-18,none,"A full upfront payment of IDR 22,059,000.00 would exceed your safe spending limit of IDR 13,525,635.73. However, a structured installment plan with 3 payments starting 2026-07-20 keeps your balance above your IDR 17,670,700.00 minimum at all times (total payable: IDR 22,941,360.00)."
request_226,157000.0,affordable_now,full_payment,2024-12-03:157000,2024-12-03,none,"Your current balance of INR 581,180.00 comfortably covers the INR 157,000.00 request after accounting for your INR 209,400.00 minimum reserve and all upcoming committed expenses. You can proceed with a full payment today, leaving a safety buffer of INR 145,765.75."
request_227,23089.03,not_affordable,not_recommended,none,,none,"Your current balance of INR 105,655.00 is insufficient to safely cover INR 259,700.00 while maintaining your INR 62,900.00 minimum reserve and covering committed expenses. Even with adjusted spending, no safe payment path exists within the required timeframe. We recommend deferring this expense or revisiting it when your financial situation improves."
request_228,7643700.0,not_affordable,not_recommended,none,,none,"Your current balance of IDR 36,748,550.00 is insufficient to safely cover IDR 63,327,000.00 while maintaining your IDR 26,191,200.00 minimum reserve and covering committed expenses. Even with adjusted spending, no safe payment path exists within the required timeframe. We recommend deferring this expense or revisiting it when your financial situation improves."
request_229,564.69,affordable_with_plan,installments,2024-03-18:529.29|2024-04-18:529.29|2024-05-19:529.29,2024-05-19,none,"A full upfront payment of EUR 1,526.80 would exceed your safe spending limit of EUR 564.69. However, a structured installment plan with 3 payments starting 2024-03-18 keeps your balance above your EUR 1,000.00 minimum at all times (total payable: EUR 1,587.87)."
request_230,3537.6,affordable_now,full_payment,2025-08-06:3537.6,2025-08-06,none,"Your current balance of EUR 8,676.76 comfortably covers the EUR 3,537.60 request after accounting for your EUR 2,000.00 minimum reserve and all upcoming committed expenses. You can proceed with a full payment today, leaving a safety buffer of EUR 270.79."
request_231,35706.0,affordable_with_plan,installments,2026-01-06:12378.08|2026-02-05:12378.08|2026-03-07:12378.08,2026-03-07,none,"A full upfront payment of ZAR 35,706.00 would exceed your safe spending limit of ZAR 39,613.64. However, a structured installment plan with 3 payments starting 2026-01-06 keeps your balance above your ZAR 24,300.00 minimum at all times (total payable: ZAR 37,134.24)."
request_232,1118.4,not_affordable,not_recommended,none,,none,"Your current balance of EUR 4,269.40 is insufficient to safely cover EUR 1,970.10 while maintaining your EUR 2,400.00 minimum reserve and covering committed expenses. Even with adjusted spending, no safe payment path exists within the required timeframe. We recommend deferring this expense or revisiting it when your financial situation improves."
request_233,0.0,not_affordable,not_recommended,none,,none,"Your current balance of IDR 19,341,300.00 is insufficient to safely cover IDR 6,241,000.00 while maintaining your IDR 10,365,700.00 minimum reserve and covering committed expenses. Even with adjusted spending, no safe payment path exists within the required timeframe. We recommend deferring this expense or revisiting it when your financial situation improves."
request_234,364.61,affordable_later,wait,2026-08-15:1213.3,2026-08-15,none,"You currently have EUR 1,274.25, but your committed expenses between now and your next income leave insufficient buffer (EUR 364.61 available vs EUR 1,213.30 needed). After your upcoming income is received, you will be able to make the full payment on 2026-08-15. We recommend waiting until then."
request_235,967.2,affordable_now,full_payment,2024-09-06:967.2,2024-09-06,none,"Your current balance of USD 2,086.28 comfortably covers the USD 967.20 request after accounting for your USD 700.00 minimum reserve and all upcoming committed expenses. You can proceed with a full payment today, leaving a safety buffer of USD 134.90."
request_236,6422483.91,not_affordable,not_recommended,none,,none,"Your current balance of IDR 31,173,450.00 is insufficient to safely cover IDR 52,383,000.00 while maintaining your IDR 16,768,600.00 minimum reserve and covering committed expenses. Even with adjusted spending, no safe payment path exists within the required timeframe. We recommend deferring this expense or revisiting it when your financial situation improves."
request_237,23826000.0,affordable_now,full_payment,2026-04-05:23826000,2026-04-05,none,"Your current balance of IDR 100,824,550.00 comfortably covers the IDR 23,826,000.00 request after accounting for your IDR 22,431,500.00 minimum reserve and all upcoming committed expenses. You can proceed with a full payment today, leaving a safety buffer of IDR 47,959,043.82."
request_238,663.6,affordable_with_plan,installments,2024-12-07:230.05|2025-01-07:230.05|2025-02-07:230.05,2025-02-07,none,"A full upfront payment of USD 663.60 would exceed your safe spending limit of USD 699.40. However, a structured installment plan with 3 payments starting 2024-12-07 keeps your balance above your USD 700.00 minimum at all times (total payable: USD 690.15)."
request_239,642.0,affordable_now,full_payment,2025-05-04:642,2025-05-04,none,"Your current balance of USD 1,988.90 comfortably covers the USD 642.00 request after accounting for your USD 600.00 minimum reserve and all upcoming committed expenses. You can proceed with a full payment today, leaving a safety buffer of USD 493.98."
request_240,20020.0,not_affordable,not_recommended,none,,none,"Your current balance of INR 92,720.00 is insufficient to safely cover INR 101,200.00 while maintaining your INR 52,800.00 minimum reserve and covering committed expenses. Even with adjusted spending, no safe payment path exists within the required timeframe. We recommend deferring this expense or revisiting it when your financial situation improves."
request_241,21052000.0,affordable_with_plan,installments,2024-03-17:7298026.67|2024-04-17:7298026.67|2024-05-18:7298026.67,2024-05-18,none,"A full upfront payment of IDR 21,052,000.00 would exceed your safe spending limit of IDR 61,980,807.36. However, a structured installment plan with 3 payments starting 2024-03-17 keeps your balance above your IDR 19,252,000.00 minimum at all times (total payable: IDR 21,894,080.01)."
request_242,0.0,not_affordable,not_recommended,none,,none,"Your current balance of EUR 1,037.40 is insufficient to safely cover EUR 1,966.80 while maintaining your EUR 600.00 minimum reserve and covering committed expenses. Even with adjusted spending, no safe payment path exists within the required timeframe. We recommend deferring this expense or revisiting it when your financial situation improves."
request_243,17468.0,affordable_now,full_payment,2026-07-07:17468,2026-07-07,none,"Your current balance of ZAR 47,470.40 comfortably covers the ZAR 17,468.00 request after accounting for your ZAR 19,900.00 minimum reserve and all upcoming committed expenses. You can proceed with a full payment today, leaving a safety buffer of ZAR 1,362.91."
request_244,49918.0,affordable_now,full_payment,2024-06-04:49918,2024-06-04,none,"Your current balance of ZAR 126,279.20 comfortably covers the ZAR 49,918.00 request after accounting for your ZAR 45,900.00 minimum reserve and all upcoming committed expenses. You can proceed with a full payment today, leaving a safety buffer of ZAR 16,762.49."
request_245,47644.7,affordable_later,wait,2026-01-15:128500,2026-01-15,none,"You currently have INR 160,360.00, but your committed expenses between now and your next income leave insufficient buffer (INR 47,644.70 available vs INR 128,500.00 needed). After your upcoming income is received, you will be able to make the full payment on 2026-01-15. We recommend waiting until then."
request_246,64086.0,affordable_with_plan,installments,2026-04-03:22216.48|2026-05-03:22216.48|2026-06-02:22216.48,2026-06-02,none,"A full upfront payment of ZAR 64,086.00 would exceed your safe spending limit of ZAR 86,605.38. However, a structured installment plan with 3 payments starting 2026-04-03 keeps your balance above your ZAR 39,300.00 minimum at all times (total payable: ZAR 66,649.44)."
request_247,1059.3,affordable_now,full_payment,2024-09-05:1059.3,2024-09-05,none,"Your current balance of EUR 2,819.20 comfortably covers the EUR 1,059.30 request after accounting for your EUR 1,300.00 minimum reserve and all upcoming committed expenses. You can proceed with a full payment today, leaving a safety buffer of EUR 300.61."
request_248,0.0,not_affordable,not_recommended,none,,none,"Your current balance of USD 2,807.36 is insufficient to safely cover USD 1,965.60 while maintaining your USD 1,300.00 minimum reserve and covering committed expenses. Even with adjusted spending, no safe payment path exists within the required timeframe. We recommend deferring this expense or revisiting it when your financial situation improves."
request_249,0.0,not_affordable,not_recommended,none,,none,"Your current balance of USD 942.40 is insufficient to safely cover USD 643.20 while maintaining your USD 600.00 minimum reserve and covering committed expenses. Even with adjusted spending, no safe payment path exists within the required timeframe. We recommend deferring this expense or revisiting it when your financial situation improves."
request_250,17762.28,not_affordable,not_recommended,none,,none,"Your current balance of ZAR 64,120.00 is insufficient to safely cover ZAR 124,278.00 while maintaining your ZAR 35,300.00 minimum reserve and covering committed expenses. Even with adjusted spending, no safe payment path exists within the required timeframe. We recommend deferring this expense or revisiting it when your financial situation improves."
request_251,617.94,not_affordable,not_recommended,none,,none,"Your current balance of EUR 4,648.55 is insufficient to safely cover EUR 1,513.60 while maintaining your EUR 1,300.00 minimum reserve and covering committed expenses. Even with adjusted spending, no safe payment path exists within the required timeframe. We recommend deferring this expense or revisiting it when your financial situation improves."
request_252,6834405.31,affordable_later,wait,2026-09-15:28082000,2026-09-15,none,"You currently have IDR 25,250,700.00, but your committed expenses between now and your next income leave insufficient buffer (IDR 6,834,405.31 available vs IDR 28,082,000.00 needed). After your upcoming income is received, you will be able to make the full payment on 2026-09-15. We recommend waiting until then."
request_253,1635.69,affordable_with_plan,installments,2024-03-21:984.6|2024-04-21:984.6|2024-05-22:984.6,2024-05-22,none,"A full upfront payment of EUR 2,840.20 would exceed your safe spending limit of EUR 1,635.69. However, a structured installment plan with 3 payments starting 2024-03-21 keeps your balance above your EUR 2,300.00 minimum at all times (total payable: EUR 2,953.80)."
request_254,1068.45,affordable_later,wait,2025-10-15:3535.2,2025-10-15,none,"You currently have USD 4,259.60, but your committed expenses between now and your next income leave insufficient buffer (USD 1,068.45 available vs USD 3,535.20 needed). After your upcoming income is received, you will be able to make the full payment on 2025-10-15. We recommend waiting until then."
request_255,2812134.94,not_affordable,not_recommended,none,,none,"Your current balance of IDR 38,518,150.00 is insufficient to safely cover IDR 3,345,000.00 while maintaining your IDR 9,813,900.00 minimum reserve and covering committed expenses. Even with adjusted spending, no safe payment path exists within the required timeframe. We recommend deferring this expense or revisiting it when your financial situation improves."
request_256,180834.61,affordable_with_plan,installments,2024-06-10:75816|2024-07-11:75816|2024-08-11:75816,2024-08-11,none,"A full upfront payment of INR 218,700.00 would exceed your safe spending limit of INR 180,834.61. However, a structured installment plan with 3 payments starting 2024-06-10 keeps your balance above your INR 168,600.00 minimum at all times (total payable: INR 227,448.00)."
request_257,661.91,not_affordable,not_recommended,none,,none,"Your current balance of USD 2,685.20 is insufficient to safely cover USD 1,352.40 while maintaining your USD 1,600.00 minimum reserve and covering committed expenses. Even with adjusted spending, no safe payment path exists within the required timeframe. We recommend deferring this expense or revisiting it when your financial situation improves."
request_258,1113.6,affordable_now,full_payment,2026-01-07:1113.6,2026-01-07,none,"Your current balance of USD 2,603.68 comfortably covers the USD 1,113.60 request after accounting for your USD 500.00 minimum reserve and all upcoming committed expenses. You can proceed with a full payment today, leaving a safety buffer of USD 349.17."
request_259,452.85,affordable_later,wait,2024-10-15:935,2024-10-15,none,"You currently have EUR 1,269.30, but your committed expenses between now and your next income leave insufficient buffer (EUR 452.85 available vs EUR 935.00 needed). After your upcoming income is received, you will be able to make the full payment on 2024-10-15. We recommend waiting until then."
request_260,10788991.75,not_affordable,not_recommended,none,,none,"Your current balance of IDR 35,787,100.00 is insufficient to safely cover IDR 52,079,000.00 while maintaining your IDR 20,727,700.00 minimum reserve and covering committed expenses. Even with adjusted spending, no safe payment path exists within the required timeframe. We recommend deferring this expense or revisiting it when your financial situation improves."
request_261,1830.4,affordable_now,full_payment,2026-07-03:1830.4,2026-07-03,none,"Your current balance of EUR 4,718.96 comfortably covers the EUR 1,830.40 request after accounting for your EUR 1,500.00 minimum reserve and all upcoming committed expenses. You can proceed with a full payment today, leaving a safety buffer of EUR 841.08."
request_262,9236000.0,affordable_with_plan,full_payment,2024-12-05:9236000,2024-12-05,reduce_to:event_24161:763800,"By making some temporary adjustments to flexible spending (reduce_to event_24161), you can free up enough cash to safely cover IDR 9,236,000.00 while protecting your IDR 31,018,500.00 minimum reserve."
request_263,6153.68,not_affordable,not_recommended,none,,none,"Your current balance of ZAR 38,818.00 is insufficient to safely cover ZAR 51,546.00 while maintaining your ZAR 24,100.00 minimum reserve and covering committed expenses. Even with adjusted spending, no safe payment path exists within the required timeframe. We recommend deferring this expense or revisiting it when your financial situation improves."
request_264,20654.66,affordable_later,wait,2026-06-15:111300,2026-06-15,none,"You currently have INR 104,375.00, but your committed expenses between now and your next income leave insufficient buffer (INR 20,654.66 available vs INR 111,300.00 needed). After your upcoming income is received, you will be able to make the full payment on 2026-06-15. We recommend waiting until then."
request_265,45970.0,affordable_now,full_payment,2024-03-06:45970,2024-03-06,none,"Your current balance of INR 786,105.00 comfortably covers the INR 45,970.00 request after accounting for your INR 189,700.00 minimum reserve and all upcoming committed expenses. You can proceed with a full payment today, leaving a safety buffer of INR 533,507.08."
request_266,935.0,affordable_with_plan,installments,2025-08-03:324.13|2025-08-31:324.13|2025-09-28:324.13,2025-09-28,none,"A full upfront payment of EUR 935.00 would exceed your safe spending limit of EUR 1,099.96. However, a structured installment plan with 3 payments starting 2025-08-03 keeps your balance above your EUR 900.00 minimum at all times (total payable: EUR 972.39)."
request_267,1627.38,affordable_with_plan,installments,2026-01-08:667.33|2026-02-07:667.33|2026-03-09:667.33,2026-03-09,none,"A full upfront payment of EUR 1,925.00 would exceed your safe spending limit of EUR 1,627.38. However, a structured installment plan with 3 payments starting 2026-01-08 keeps your balance above your EUR 1,500.00 minimum at all times (total payable: EUR 2,001.99)."
request_268,1084.72,affordable_with_plan,installments,2024-06-14:841.22|2024-07-15:841.22|2024-08-15:841.22,2024-08-15,none,"A full upfront payment of EUR 2,426.60 would exceed your safe spending limit of EUR 1,084.72. However, a structured installment plan with 3 payments starting 2024-06-14 keeps your balance above your EUR 1,400.00 minimum at all times (total payable: EUR 2,523.66)."
request_269,0.0,not_affordable,not_recommended,none,,none,"Your current balance of ZAR 45,307.90 is insufficient to safely cover ZAR 15,490.00 while maintaining your ZAR 23,100.00 minimum reserve and covering committed expenses. Even with adjusted spending, no safe payment path exists within the required timeframe. We recommend deferring this expense or revisiting it when your financial situation improves."
request_270,242.77,not_affordable,not_recommended,none,,none,"Your current balance of USD 1,935.40 is insufficient to safely cover USD 3,028.80 while maintaining your USD 1,400.00 minimum reserve and covering committed expenses. Even with adjusted spending, no safe payment path exists within the required timeframe. We recommend deferring this expense or revisiting it when your financial situation improves."
request_271,29294.34,not_affordable,not_recommended,none,,none,"Your current balance of INR 142,960.00 is insufficient to safely cover INR 91,300.00 while maintaining your INR 58,200.00 minimum reserve and covering committed expenses. Even with adjusted spending, no safe payment path exists within the required timeframe. We recommend deferring this expense or revisiting it when your financial situation improves."
request_272,6683525.69,affordable_with_plan,installments,2025-02-12:4709466.67|2025-03-12:4709466.67|2025-04-09:4709466.67,2025-04-09,none,"A full upfront payment of IDR 13,585,000.00 would exceed your safe spending limit of IDR 6,683,525.69. However, a structured installment plan with 3 payments starting 2025-02-12 keeps your balance above your IDR 7,508,600.00 minimum at all times (total payable: IDR 14,128,400.01)."
request_273,10764260.96,affordable_with_plan,installments,2026-04-07:5498480|2026-05-05:5498480|2026-06-02:5498480,2026-06-02,none,"A full upfront payment of IDR 15,861,000.00 would exceed your safe spending limit of IDR 10,764,260.96. However, a structured installment plan with 3 payments starting 2026-04-07 keeps your balance above your IDR 18,774,600.00 minimum at all times (total payable: IDR 16,495,440.00)."
request_274,2581.68,affordable_with_plan,installments,2024-12-04:940.75|2025-01-04:940.75|2025-02-04:940.75,2025-02-04,none,"A full upfront payment of EUR 2,713.70 would exceed your safe spending limit of EUR 2,581.68. However, a structured installment plan with 3 payments starting 2024-12-04 keeps your balance above your EUR 1,800.00 minimum at all times (total payable: EUR 2,822.25)."
request_275,15884000.0,affordable_now,full_payment,2025-05-06:15884000,2025-05-06,none,"Your current balance of IDR 37,206,450.00 comfortably covers the IDR 15,884,000.00 request after accounting for your IDR 12,760,100.00 minimum reserve and all upcoming committed expenses. You can proceed with a full payment today, leaving a safety buffer of IDR 4,957,498.52."
